Gene,Cytoband,CNA,#,Freq
CCND1,11q13,AMP,79,16.29%
MYC,8q24.21,AMP,77,15.88%
FGF19,11q13.1,AMP,77,15.88%
FGF4,11q13.3,AMP,75,15.46%
FGF3,11q13,AMP,74,15.26%
RAD21,8q24,AMP,67,13.81%
ERBB2,17q12,AMP,66,13.61%
EXT1,8q24.11,AMP,64,13.20%
IKZF3,17q21,AMP,61,12.58%
ZNF703,8p11.23,AMP,57,11.75%
ADGRA2,8p11.23,AMP,57,11.75%
CDK12,17q12,AMP,57,11.75%
WHSC1L1,8p11.2,AMP,55,11.34%
ASH2L,8p11.2,AMP,54,11.13%
EIF4EBP1,8p12,AMP,53,10.93%
RSPO2,8q23.1,AMP,52,10.72%
FGFR1,8p11.23-p11.22,AMP,50,10.31%
COX6C,8q22.2,AMP,50,10.31%
NDRG1,8q24.3,AMP,48,9.90%
RPS6KB1,17q23.1,AMP,47,9.69%
CLTC,17q23.1,AMP,46,9.48%
MCL1,1q21,AMP,45,9.28%
PPM1D,17q23.2,AMP,45,9.28%
ARNT,1q21,AMP,42,8.66%
PAK1,11q13-q14,AMP,41,8.45%
APH1A,1p36.13-q31.3,AMP,40,8.25%
MLLT11,1q21,AMP,38,7.84%
RNF43,17q22,AMP,38,7.84%
DDX5,17q21,AMP,37,7.63%
CD79B,17q23,AMP,37,7.63%
AGO2,8q24,AMP,37,7.63%
PTK2,8q24.3,AMP,37,7.63%
RUNX1T1,8q22,AMP,37,7.63%
NBN,8q21,AMP,37,7.63%
LASP1,17q11-q21.3,AMP,37,7.63%
COL1A1,17q21.33,AMP,37,7.63%
SPOP,17q21.33,AMP,37,7.63%
BRIP1,17q22.2,AMP,36,7.42%
MIR142,17q22,AMP,35,7.22%
ZNF217,20q13.2,AMP,35,7.22%
RECQL4,8q24.3,AMP,34,7.01%
PLEC,8q24,AMP,34,7.01%
EPPK1,8q24.3,AMP,34,7.01%
DKK4,8p11.2-p11.1,AMP,34,7.01%
IKBKB,8p11.2,AMP,34,7.01%
KAT6A,8p11,AMP,34,7.01%
EMSY,11q13.5,AMP,33,6.80%
RAD51C,17q22,AMP,33,6.80%
SDHC,1q23.3,AMP,32,6.60%
B4GALT3,1q23.3,AMP,32,6.60%
CKS1B,1q21.2,AMP,32,6.60%
PREX2,8q13.2,AMP,32,6.60%
MSI2,17q22,AMP,32,6.60%
FCGR2B,1q23,AMP,31,6.39%
PAG1,8q21.13,AMP,31,6.39%
TCEB1,8q21.11,AMP,31,6.39%
PRKAR1A,17q24.2,AMP,30,6.19%
MUC1,1q21,AMP,30,6.19%
MLLT6,17q21,AMP,30,6.19%
RARA,17q21,AMP,30,6.19%
AXIN2,17q24.1,AMP,29,5.98%
SMYD3,1q44,AMP,29,5.98%
HEY1,8q21,AMP,29,5.98%
PRDM14,8q13.3,AMP,29,5.98%
TSHZ2,20q13.2,AMP,29,5.98%
GNA13,17q24.3,AMP,28,5.77%
NCSTN,1q22-q23,AMP,28,5.77%
TPM3,1q21.2,AMP,28,5.77%
NLRP3,1q44,AMP,28,5.77%
IL10,1q31-q32,AMP,28,5.77%
MDM4,1q32,AMP,28,5.77%
BTG2,1q32,AMP,28,5.77%
NCOA2,8q13.3,AMP,28,5.77%
SLC45A3,1q32.1,AMP,27,5.57%
ELK4,1q32,AMP,27,5.57%
GNAS,20q13.3,AMP,27,5.57%
LRP5,11q13.4,AMP,27,5.57%
AKT3,1q44,AMP,26,5.36%
IKBKE,1q32.1,AMP,26,5.36%
LGR6,1q32.1,AMP,26,5.36%
TOX,8q12.1,AMP,26,5.36%
YY1AP1,1q22,AMP,25,5.15%
FH,1q42.1,AMP,25,5.15%
ELF3,1q32.2,AMP,25,5.15%
HOOK3,8p11.21,AMP,25,5.15%
CHCHD7,8q12.1,AMP,25,5.15%
PLAG1,8q12,AMP,25,5.15%
LYN,8q13,AMP,25,5.15%
RPS6KB2,11q13.2,AMP,25,5.15%
SOCS3,17q25.3,AMP,24,4.95%
RIT1,1q22,AMP,24,4.95%
ABCA9,17q24.2,AMP,23,4.74%
DDR2,1q23.3,AMP,23,4.74%
HIST2H3D,1q21.2,AMP,23,4.74%
HIST2H3C,1q21.2,AMP,23,4.74%
BCL9,1q21,AMP,23,4.74%
TRAF5,1q32,AMP,23,4.74%
CDC73,1q25,AMP,23,4.74%
HLF,17q22,AMP,23,4.74%
PIK3CA,3q26.3,AMP,22,4.54%
PARP1,1q41-q42,AMP,22,4.54%
H3F3A,1q42.12,AMP,22,4.54%
FCRL4,1q21,AMP,22,4.54%
PRCC,1q21.1,AMP,22,4.54%
NTRK1,1q21-q22,AMP,22,4.54%
INSRR,1q21-q23,AMP,22,4.54%
HIST3H3,1q42,AMP,22,4.54%
PRDM1,6q21,AMP,22,4.54%
H3F3B,17q25.1,AMP,21,4.33%
OBSCN,1q42.13,AMP,21,4.33%
SOX17,8q11.23,AMP,21,4.33%
MYO18A,17q11.2,AMP,21,4.33%
HOXB13,17q21.2,AMP,21,4.33%
CDKN2B,9p21,DEL,20,4.12%
PRRX1,1q24,AMP,20,4.12%
NUF2,1q23.3,AMP,20,4.12%
TCEA1,8q11.2,AMP,20,4.12%
SS18L1,20q13.3,AMP,20,4.12%
PC,11q13.4-q13.5,AMP,20,4.12%
IGF1R,15q26.3,AMP,20,4.12%
CDKN2A,9p21,DEL,19,3.92%
TPR,1q25,AMP,19,3.92%
PRKDC,8q11,AMP,19,3.92%
TBL1XR1,3q26.32,AMP,19,3.92%
RTEL1,20q13.3,AMP,19,3.92%
AURKA,20q13,AMP,19,3.92%
MDM2,12q14.3-q15,AMP,19,3.92%
ARFRP1,20q13.3,AMP,18,3.71%
FRS2,12q15,AMP,18,3.71%
9-Sep,17q25,AMP,17,3.51%
ABL2,1q25.2,AMP,17,3.51%
FOXO3,6q21,AMP,17,3.51%
CANT1,17q25.3,AMP,16,3.30%
SRSF2,17q25.1,AMP,16,3.30%
SOX9,17q24.3,AMP,16,3.30%
DCUN1D1,3q26.3,AMP,16,3.30%
RFWD2,1q25.1-q25.2,AMP,16,3.30%
PBX1,1q23,AMP,16,3.30%
EPHB3,3q27.1,AMP,16,3.30%
MEF2A,15q26,AMP,16,3.30%
ZNF750,17q25.3,AMP,15,3.09%
ASPSCR1,17q25.3,AMP,15,3.09%
RNF213,17q25.3,AMP,15,3.09%
MTAP,9p21,DEL,15,3.09%
AK9,6q21,AMP,15,3.09%
KLHL6,3q27.3,AMP,15,3.09%
SOX2,3q26.3-q27,AMP,15,3.09%
PRSS8,16p11.2,AMP,15,3.09%
INPPL1,11q13,AMP,15,3.09%
ITGAL,16p11.2,AMP,15,3.09%
KLF6,10p15,AMP,14,2.89%
RPTOR,17q25.3,AMP,14,2.89%
WNK1,12p13.3,AMP,14,2.89%
BCL6,3q27,AMP,14,2.89%
SESN1,6q21,AMP,14,2.89%
RPL35A,3q29,AMP,14,2.89%
EGR3,8p23-p21,DEL,14,2.89%
FUS,16p11.2,AMP,14,2.89%
MAPK3,16p11.2,AMP,14,2.89%
GATA3,10p15,AMP,13,2.68%
ERC1,12p13.3,AMP,13,2.68%
RAD52,12p13-p12.2,AMP,13,2.68%
CCNE1,19q12,AMP,13,2.68%
U2AF2,19q13.42,AMP,13,2.68%
BRSK1,19q13.4,AMP,13,2.68%
EED,11q14.2-q22.3,AMP,13,2.68%
PICALM,11q14,AMP,13,2.68%
WISP3,6q21,AMP,13,2.68%
FYN,6q21,AMP,13,2.68%
LPP,3q28,AMP,13,2.68%
MAP3K13,3q27,AMP,13,2.68%
RMI2,16p13.13,AMP,13,2.68%
ANKRD11,16q24.3,DEL,13,2.68%
KDM5A,12p11,AMP,12,2.47%
NOTCH2,1p13-p11,AMP,12,2.47%
ZNF132,19q13.4,AMP,12,2.47%
TFPT,19q13,AMP,12,2.47%
RRAS,19q13.33,AMP,12,2.47%
EIF4A2,3q28,AMP,12,2.47%
NCOA3,20q12,AMP,12,2.47%
SDC4,20q12,AMP,12,2.47%
SEMG1,20q12-q13.2,AMP,12,2.47%
ETV5,3q28,AMP,12,2.47%
TFRC,3q29,AMP,12,2.47%
PRKCI,3q26.3,AMP,12,2.47%
SOCS1,16p13.13,AMP,12,2.47%
NKX3-1,8p21.2,DEL,12,2.47%
FLYWCH1,16p13.3,AMP,12,2.47%
FANCA,16q24.3,DEL,12,2.47%
RPL13,16q24.3|17p11.2,DEL,12,2.47%
CBFA2T3,16q24,DEL,12,2.47%
FBXO31,16q24.2,DEL,12,2.47%
CREBBP,16p13.3,AMP,12,2.47%
PDPK1,16p13.3,AMP,12,2.47%
WDR90,16p13.3,AMP,12,2.47%
TSC2,16p13.3,AMP,12,2.47%
TRAF7,16p13.3,AMP,12,2.47%
NTHL1,16p13.3,AMP,12,2.47%
MLST8,16p13.3,AMP,12,2.47%
AXIN1,16p13.3,AMP,12,2.47%
MYB,6q22-q23,AMP,11,2.27%
TNKS,8p23.1,DEL,11,2.27%
FGF12,3q28,AMP,11,2.27%
TP63,3q28,AMP,11,2.27%
ERCC4,16p13.12,AMP,11,2.27%
CIITA,16p13,AMP,11,2.27%
PCM1,8p22-p21.3,DEL,11,2.27%
POLD1,19q13.3,AMP,11,2.27%
IDH2,15q26.1,AMP,11,2.27%
MAP2K4,17p12,DEL,11,2.27%
NUMA1,11q13,AMP,11,2.27%
SLX4,16p13.3,AMP,11,2.27%
BABAM1,19p13.11,AMP,10,2.06%
BRD4,19p13.1,AMP,10,2.06%
SYNE1,6q25,AMP,10,2.06%
ZNF331,19q13.42,AMP,10,2.06%
PPP2R1A,19q13.41,AMP,10,2.06%
WT1,11p13,AMP,10,2.06%
CDK4,12q14,AMP,10,2.06%
MECOM,3q26.2,AMP,10,2.06%
TUSC3,8p22,DEL,10,2.06%
KLK2,19q13.41,AMP,10,2.06%
NR1H2,19q13.3,AMP,10,2.06%
CCT6B,17q12,AMP,10,2.06%
CHD2,15q26,AMP,10,2.06%
CRTC3,15q26.1,AMP,10,2.06%
MYH11,16p13.11,AMP,10,2.06%
TNFRSF17,16p13.1,AMP,10,2.06%
SNX29,16p13.13-p13.12,AMP,10,2.06%
GRIN2A,16p13.2,AMP,10,2.06%
MAFB,20q12,AMP,10,2.06%
WIF1,12q14.3,AMP,10,2.06%
IRF8,16q24.1,DEL,10,2.06%
PLCG2,16q24.1,DEL,10,2.06%
MAF,16q22-q23,DEL,10,2.06%
TPM4,19p13.1,AMP,9,1.86%
ESR1,6q25.1,AMP,9,1.86%
LATS1,6q25.1,AMP,9,1.86%
PTPN6,12p13,AMP,9,1.86%
ATN1,12p13.31,AMP,9,1.86%
ZNF384,12p12,AMP,9,1.86%
CHD4,12p13,AMP,9,1.86%
CUL4A,13q34,AMP,9,1.86%
TSHZ3,19q12,AMP,9,1.86%
TERT,5p15.33,AMP,9,1.86%
FGFR2,10q26,AMP,9,1.86%
IRS2,13q34,AMP,9,1.86%
FANCI,15q26.1,AMP,9,1.86%
H3F3C,12p11.21,AMP,9,1.86%
LMO2,11p13,AMP,9,1.86%
HDAC2,6q21,AMP,9,1.86%
PTEN,10q23.3,DEL,9,1.86%
WWTR1,3q23-q24,AMP,9,1.86%
NOTCH3,19p13.2-p13.1,AMP,9,1.86%
AADACL2,3q25.1,AMP,9,1.86%
DUSP4,8p12-p11,DEL,9,1.86%
ESCO2,8p21.1,DEL,9,1.86%
KAT6B,10q22.2,AMP,9,1.86%
NF1,17q11.2,AMP,9,1.86%
PTPRT,20q12-q13,AMP,9,1.86%
TOP1,20q12-q13.1,AMP,9,1.86%
HMGA2,12q15,AMP,9,1.86%
NFKBIA,14q13,AMP,9,1.86%
IL21R,16p11,AMP,9,1.86%
PALB2,16p12.2,AMP,9,1.86%
WWOX,16q23,DEL,9,1.86%
ZFHX3,16q22.3,DEL,9,1.86%
EXOSC6,16q22.1,DEL,9,1.86%
CDH1,16q22.1,DEL,9,1.86%
CTCF,16q21-q22.3,DEL,9,1.86%
CBFB,16q22.1,DEL,9,1.86%
CDH11,16q21,DEL,9,1.86%
HERPUD1,16q13,DEL,9,1.86%
CYLD,16q12.1,DEL,9,1.86%
ELL,19p13.1,AMP,8,1.65%
PIK3R2,19q13.2-q13.4,AMP,8,1.65%
JAK3,19p13.1,AMP,8,1.65%
FGF6,12p13,AMP,8,1.65%
SGK1,6q23,AMP,8,1.65%
MRE11A,11q21,AMP,8,1.65%
FAT3,11q14.3,AMP,8,1.65%
CD22,19q13.1,AMP,8,1.65%
STAT3,17q21.31,AMP,8,1.65%
KMT2B,19q13.1,AMP,8,1.65%
LYL1,19p13.2,AMP,8,1.65%
KEAP1,19p13.2,AMP,8,1.65%
S1PR2,19p13.2,AMP,8,1.65%
EGFR,7p12,AMP,8,1.65%
FGF14,13q34,AMP,8,1.65%
MIR17HG,13q31.3,AMP,8,1.65%
ETV6,12p13,AMP,8,1.65%
SS18,18q11.2,AMP,8,1.65%
MLLT4,6q27,DEL,8,1.65%
MLF1,3q25.1,AMP,8,1.65%
WRN,8p12,DEL,8,1.65%
GOPC,6q21,AMP,8,1.65%
TAF15,17q11.1-q11.2,AMP,8,1.65%
RAD51D,17q11,AMP,8,1.65%
NIN,14q22.1,AMP,8,1.65%
FOXA1,14q21.1,AMP,8,1.65%
BLM,15q26.1,AMP,8,1.65%
TBK1,12q14.1,AMP,8,1.65%
NKX2-1,14q13,AMP,8,1.65%
NUP93,16q13,DEL,8,1.65%
UPF1,19p13.11,AMP,7,1.44%
KRAS,12p12.1,AMP,7,1.44%
HIST1H3G,6p22.2,AMP,7,1.44%
RB1,13q14.2,DEL,7,1.44%
FGF23,12p13.3,AMP,7,1.44%
CCND2,12p13,AMP,7,1.44%
PDE4DIP,1q12,AMP,7,1.44%
STAT5A,17q11.2,AMP,7,1.44%
STAT5B,17q11.2,AMP,7,1.44%
SDHA,5p15,AMP,7,1.44%
CYSLTR2,13q14.2,DEL,7,1.44%
TYK2,19p13.2,AMP,7,1.44%
DNMT1,19p13.2,AMP,7,1.44%
ERCC5,13q33,AMP,7,1.44%
A2ML1,12p13.31,AMP,7,1.44%
NFE2L3,7p15.2,AMP,7,1.44%
MLLT1,19p13.3,AMP,7,1.44%
PTPRS,19p13.3,AMP,7,1.44%
MAP2K2,19p13.3,AMP,7,1.44%
LRIG3,12q14.1,AMP,7,1.44%
ARID5B,10q21.2,AMP,7,1.44%
CCDC6,10q21,AMP,7,1.44%
SOX4,6p22.3,AMP,7,1.44%
VHL,3p25.3,AMP,7,1.44%
FANCD2,3p26,AMP,7,1.44%
PTPN2,18p11.3-p11.2,AMP,7,1.44%
AKT2,19q13.1-q13.2,AMP,7,1.44%
CCNL1,3q25.31,AMP,7,1.44%
ROS1,6q22,AMP,7,1.44%
SRC,20q12-q13,AMP,7,1.44%
NTRK3,15q25,AMP,7,1.44%
MEF2B,19p13.11,AMP,6,1.24%
CRTC1,19p13.11,AMP,6,1.24%
TNFAIP3,6q23,AMP,6,1.24%
HIST1H3F,6p22.2,AMP,6,1.24%
HIST1H1D,6p21.3,AMP,6,1.24%
HIST1H3E,6p22.2,AMP,6,1.24%
HIST1H3D,6p22.1,AMP,6,1.24%
HIST1H2BD,6p21.3,AMP,6,1.24%
HIST1H1E,6p21.3,AMP,6,1.24%
HIST1H3C,6p22.2,AMP,6,1.24%
HIST1H3B,6p22.2,AMP,6,1.24%
HIST1H3A,6p22.2,AMP,6,1.24%
FAM46C,1p12,AMP,6,1.24%
VTCN1,1p13.1,AMP,6,1.24%
CEBPA,19q13.1,AMP,6,1.24%
PGR,11q22-q23,AMP,6,1.24%
SESN3,11q21,AMP,6,1.24%
ERCC2,19q13.3,AMP,6,1.24%
EZH1,17q21.1-q21.3,AMP,6,1.24%
MNX1,7q36,AMP,6,1.24%
FGF10,5p13-p12,AMP,6,1.24%
CALR,19p13.3-p13.2,AMP,6,1.24%
SMARCA4,19p13.2,AMP,6,1.24%
CARM1,19p13.2,AMP,6,1.24%
ICK,6p12.1,AMP,6,1.24%
AARS2,6p21.1,AMP,6,1.24%
FAS,10q24.1,DEL,6,1.24%
INSR,19p13.3-p13.2,AMP,6,1.24%
BCL2L1,20q11.21,AMP,6,1.24%
NOD1,7p14.3,AMP,6,1.24%
HNRNPA2B1,7p15,AMP,6,1.24%
ACTB,7p22,AMP,6,1.24%
CBLC,19q13.2,AMP,6,1.24%
BCL3,19q13.1-q13.2,AMP,6,1.24%
DNAJB1,19p13.2,AMP,6,1.24%
MAPK8IP1,11p11.2,AMP,6,1.24%
EXT2,11p12-p11,AMP,6,1.24%
IL2,4q26-q27,AMP,6,1.24%
KIAA1109,4q27,AMP,6,1.24%
INPP4B,4q31.21,AMP,6,1.24%
E2F3,6p22,AMP,6,1.24%
DEK,6p22.3,AMP,6,1.24%
JARID2,6p24-p23,AMP,6,1.24%
TIPARP,3q25.31,AMP,6,1.24%
GMPS,3q24,AMP,6,1.24%
BTG1,12q22,AMP,6,1.24%
PPARG,3p25,AMP,6,1.24%
CRBN,3p26.2,AMP,6,1.24%
CD276,15q23-q24,AMP,6,1.24%
RSPO3,6q22.33,AMP,6,1.24%
RNF217-AS1,6q22.33,AMP,6,1.24%
SPECC1,17p11.2,AMP,6,1.24%
FLT1,13q12,AMP,6,1.24%
FLT3,13q12,AMP,6,1.24%
CDX2,13q12.3,AMP,6,1.24%
PRKD1,14q11,AMP,6,1.24%
WRN,8p12,AMP,6,1.24%
TMPRSS2,21q22.3,AMP,5,1.03%
RECQL,12p12,AMP,5,1.03%
ECT2L,6q24.1,AMP,5,1.03%
HIST1H2BC,6p22.1,AMP,5,1.03%
HIST1H2AC,6p22.1,AMP,5,1.03%
HIST1H1C,6p21.3,AMP,5,1.03%
CD58,1p13,AMP,5,1.03%
ATP10A,15q11.2,DEL,5,1.03%
RICTOR,5p13.1,AMP,5,1.03%
SKP2,5p13,AMP,5,1.03%
DNM2,19p13.2,AMP,5,1.03%
SH3GL1,19p13.3,AMP,5,1.03%
HSP90AB1,6p12,AMP,5,1.03%
VEGFA,6p12,AMP,5,1.03%
CCND3,6p21,AMP,5,1.03%
TFEB,6p21,AMP,5,1.03%
MLLT3,9p22,AMP,5,1.03%
CD70,19p13,AMP,5,1.03%
TNFSF9,19p13.3,AMP,5,1.03%
THRAP3,1p34.3,AMP,5,1.03%
DNMT3B,20q11.2,AMP,5,1.03%
KDSR,18q21.3,AMP,5,1.03%
BCL2,18q21.3,AMP,5,1.03%
SOCS2,12q,AMP,5,1.03%
DDIT3,12q13.1-q13.2,AMP,5,1.03%
GLI1,12q13.2-q13.3,AMP,5,1.03%
CREB3L1,11p11.2,AMP,5,1.03%
PPP6C,9q33.3,AMP,5,1.03%
YES1,18p11.31-p11.21,AMP,5,1.03%
CD79A,19q13.2,AMP,5,1.03%
RPS19,19q13.2,AMP,5,1.03%
FAT1,4q35,DEL,5,1.03%
XPC,3p25.1,AMP,5,1.03%
SRGAP3,3p25.3,AMP,5,1.03%
PML,15q22,AMP,5,1.03%
PKM,15q22,AMP,5,1.03%
SUZ12,17q11.2,AMP,5,1.03%
FANCF,11p15,AMP,5,1.03%
XRCC3,14q32.3,AMP,5,1.03%
AKT1,14q32.32,AMP,5,1.03%
AHNAK2,14q32.33,AMP,5,1.03%
TRAF3,14q32.32,AMP,5,1.03%
MAP3K8,10p11.23,AMP,4,0.82%
ABI1,10p11.2,AMP,4,0.82%
ZNF91,19p12,AMP,4,0.82%
IFNGR1,6q23.3,AMP,4,0.82%
RHOH,4p13,DEL,4,0.82%
EPHA10,1p34.3,AMP,4,0.82%
EPHA7,6q16.1,AMP,4,0.82%
BIRC2,11q22,AMP,4,0.82%
BIRC3,11q22,AMP,4,0.82%
YAP1,11q13,AMP,4,0.82%
MAML2,11q21,AMP,4,0.82%
POFUT1,20q11,AMP,4,0.82%
LIFR,5p13-p12,AMP,4,0.82%
IL7R,5p13,AMP,4,0.82%
GOLPH3,5p13.3,AMP,4,0.82%
DROSHA,5p13.3,AMP,4,0.82%
ICE1,5p15.32,AMP,4,0.82%
BRCA2,13q12.3,DEL,4,0.82%
TICAM1,19p13.3,AMP,4,0.82%
NUTM2A,10q23.2,DEL,4,0.82%
CDKN2B,9p21,AMP,4,0.82%
CDKN2A,9p21,AMP,4,0.82%
MTAP,9p21,AMP,4,0.82%
NFIB,9p24.1,AMP,4,0.82%
XPO1,2p15,AMP,4,0.82%
REL,2p13-p12,AMP,4,0.82%
BCL11A,2p16.1,AMP,4,0.82%
MYCN,2p24.3,AMP,4,0.82%
JAZF1,7p15.2-p15.1,AMP,4,0.82%
HOXA9,7p15.2,AMP,4,0.82%
HOXA13,7p15.2,AMP,4,0.82%
HOXA11,7p15.2,AMP,4,0.82%
ZFP36L1,14q22-q24,DEL,4,0.82%
SMARCB1,22q11.23|22q11,AMP,4,0.82%
ASXL1,20q11,AMP,4,0.82%
ZNF521,18q11.2,AMP,4,0.82%
BRCA1,17q21,AMP,4,0.82%
DDB2,11p11.2,AMP,4,0.82%
MAPKAP1,9q33.3,AMP,4,0.82%
MAGI2,7q21,AMP,4,0.82%
FAT4,4q28.1,AMP,4,0.82%
CSF3R,1p35-p34.3,AMP,4,0.82%
STK40,1p34.3,AMP,4,0.82%
TNFRSF14,1p36.32,AMP,4,0.82%
ETV1,7p21.3,AMP,4,0.82%
APCDD1,18p11.22,AMP,4,0.82%
MPL,1p34,AMP,4,0.82%
ELP2,18q12.2,AMP,4,0.82%
ZNF24,18q12,AMP,4,0.82%
PLK2,5q12.1-q13.2,DEL,4,0.82%
MAP3K1,5q11.2,DEL,4,0.82%
TP53,17p13.1,DEL,4,0.82%
CIC,19q13.2,AMP,4,0.82%
ERF,19q13,AMP,4,0.82%
AXL,19q13.1,AMP,4,0.82%
FOXL2,3q23,AMP,4,0.82%
PIK3CB,3q22.3,AMP,4,0.82%
RAF1,3p25,AMP,4,0.82%
TCF3,19p13.3,AMP,4,0.82%
STK11,19p13.3,AMP,4,0.82%
GNA11,19p13.3,AMP,4,0.82%
GADD45B,19p13.3,AMP,4,0.82%
FSTL3,19p13,AMP,4,0.82%
DOT1L,19p13.3,AMP,4,0.82%
BMPR1A,10q22.3,AMP,4,0.82%
PIK3CD,1p36.2,AMP,4,0.82%
SIN3A,15q24.2,AMP,4,0.82%
MLLT10,10p12,AMP,4,0.82%
EPHB4,7q22,AMP,4,0.82%
JUN,1p32-p31,AMP,4,0.82%
CCT6B,17q12,DEL,4,0.82%
PDS5B,13q12.3,AMP,4,0.82%
BRCA2,13q12.3,AMP,4,0.82%
PDYN,20p13,AMP,4,0.82%
PARP4,13q11,AMP,4,0.82%
MAP2K1,15q22.1-q22.33,AMP,4,0.82%
FANCG,9p13,AMP,4,0.82%
MYOD1,11p15.4,AMP,4,0.82%
NCOR1,17p11.2,DEL,4,0.82%
NSD1,5q35,AMP,4,0.82%
FGFR4,5q35.2,AMP,4,0.82%
PRF1,10q22,AMP,4,0.82%
ERG,21q22.3,AMP,3,0.62%
FBXO31,16q24.2,AMP,3,0.62%
IRF8,16q24.1,AMP,3,0.62%
PIK3C2G,12p12,AMP,3,0.62%
DCHS1,11p15.4,AMP,3,0.62%
MLLT3,9p22,DEL,3,0.62%
GREM1,15q13.3,DEL,3,0.62%
LRRK2,12q12,AMP,3,0.62%
ATM,11q22-q23,AMP,3,0.62%
SOX10,22q13.1,AMP,3,0.62%
CUL3,2q36.2,DEL,3,0.62%
ACSL3,2q34-q35,DEL,3,0.62%
PAX3,2q35,DEL,3,0.62%
EPHA4,2q36.1,DEL,3,0.62%
ATIC,2q35,DEL,3,0.62%
RALGDS,9q34.3,AMP,3,0.62%
PIM1,6p21.2,AMP,3,0.62%
CDKN1A,6p21.2,AMP,3,0.62%
SRSF3,6p21,AMP,3,0.62%
PSIP1,9p22.3,AMP,3,0.62%
KDM4C,9p24.1,AMP,3,0.62%
PDCD1LG2,9p24.2,AMP,3,0.62%
CD274,9p24,AMP,3,0.62%
FANCL,2p16.1,AMP,3,0.62%
MAP4K4,2q11.2-q12,AMP,3,0.62%
INPP4A,2q11.2,AMP,3,0.62%
XBP1,22q12.1|22q12,AMP,3,0.62%
PATZ1,22q12.2,AMP,3,0.62%
NF2,22q12.2,AMP,3,0.62%
NEFH,22q12.2,AMP,3,0.62%
MN1,22q12.1,AMP,3,0.62%
EWSR1,22q12.2,AMP,3,0.62%
CHEK2,22q12.1,AMP,3,0.62%
5-Sep,22q11.21,AMP,3,0.62%
STAT6,12q13,AMP,3,0.62%
SDHAF2,11q12.2,AMP,3,0.62%
CDK6,7q21-q22,AMP,3,0.62%
HIP1,7q11.23,AMP,3,0.62%
ELN,7q11.23,AMP,3,0.62%
HIST1H4I,6p21.33,AMP,3,0.62%
HIST1H2BK,6p21.33,AMP,3,0.62%
HIST1H2BJ,6p22.1,AMP,3,0.62%
HIST1H2AG,6p22.1,AMP,3,0.62%
DKK2,4q25,AMP,3,0.62%
STAT4,2q32.2-q32.3,AMP,3,0.62%
PMS1,2q31.1,AMP,3,0.62%
TMEM127,2q11.2,AMP,3,0.62%
DUSP2,2q11,AMP,3,0.62%
EPAS1,2p21-p16,AMP,3,0.62%
FUBP1,1p31.1,AMP,3,0.62%
JAK1,1p32.3-p31.3,AMP,3,0.62%
RAC1,7p22,AMP,3,0.62%
PMS2,7p22.2,AMP,3,0.62%
LFNG,7p22.2,AMP,3,0.62%
TMSB4XP8,4q22.1,AMP,3,0.62%
AFF1,4q21,AMP,3,0.62%
ANKRD12,18p11.22,AMP,3,0.62%
SMO,7q32.3,AMP,3,0.62%
BMPR1A,10q22.3,DEL,3,0.62%
IL6ST,5q11.2,DEL,3,0.62%
PASK,2q37.3,DEL,3,0.62%
ASXL3,18q11,AMP,3,0.62%
NPM1,5q35.1,AMP,3,0.62%
TLX3,5q35.1,AMP,3,0.62%
LCP1,13q14.3,DEL,3,0.62%
SERP2,13q14.11,DEL,3,0.62%
FOXO1,13q14.1,DEL,3,0.62%
LHFP,13q12,DEL,3,0.62%
RRAGC,1p34,AMP,3,0.62%
JAK1,1p32.3-p31.3,DEL,3,0.62%
TMEM30A,6q14.1,AMP,3,0.62%
IRF4,6p25.3,AMP,3,0.62%
LEF1,4q23-q25,AMP,3,0.62%
ATR,3q23,AMP,3,0.62%
CNBP,3q21,AMP,3,0.62%
RPN1,3q21.3,AMP,3,0.62%
NF1,17q11.2,DEL,3,0.62%
BCR,22q11.23,AMP,3,0.62%
TYMS,18p11.32,AMP,3,0.62%
CDH1,16q22.1,AMP,3,0.62%
CLP1,11q12,AMP,3,0.62%
DKK3,11p15.2,AMP,3,0.62%
ARID1B,6q25.1,DEL,3,0.62%
PTP4A1,6q12,AMP,3,0.62%
TAP1,6p21.3,AMP,3,0.62%
TAP2,6p21.3,AMP,3,0.62%
IKZF2,2q34,AMP,3,0.62%
IDH1,2q33.3,AMP,3,0.62%
CREB1,2q34,AMP,3,0.62%
RPL5,1p22.1,AMP,3,0.62%
RAD54L,1p32,AMP,3,0.62%
CAMTA1,1p36.31-p36.23,AMP,3,0.62%
RPL22,1p36.31,AMP,3,0.62%
CUX1,7q22.1,AMP,3,0.62%
NCOR2,12q24,AMP,3,0.62%
EIF2B1,12q24.31,AMP,3,0.62%
KMT5A,12q24.31,AMP,3,0.62%
BCL10,1p22,AMP,3,0.62%
PRKAA2,1p31,AMP,3,0.62%
MAP3K14,17q21,DEL,3,0.62%
ETV4,17q21.31,DEL,3,0.62%
STAT3,17q21.31,DEL,3,0.62%
STAT5A,17q11.2,DEL,3,0.62%
STAT5B,17q11.2,DEL,3,0.62%
RAD51D,17q11,DEL,3,0.62%
MYCL,1p34.2,AMP,3,0.62%
FGF7,15q21.2,AMP,3,0.62%
FGFR1OP,6q27,DEL,3,0.62%
PARK2,6q25.2-q27,DEL,3,0.62%
MAP3K4,6q26,DEL,3,0.62%
EZR,6q25.3,DEL,3,0.62%
SESN1,6q21,DEL,3,0.62%
EPHA6,3q11.2,AMP,3,0.62%
FANCM,14q21.2,AMP,3,0.62%
WHSC1,4p16.3,DEL,3,0.62%
FGFR3,4p16.3,DEL,3,0.62%
CRIPAK,4p16.3,DEL,3,0.62%
PAK7,20p12,AMP,3,0.62%
SMAD3,15q22.33,AMP,3,0.62%
AJUBA,14q11.2,AMP,3,0.62%
RMRP,9p13.3,AMP,3,0.62%
MAPK1,22q11.21,AMP,3,0.62%
BTLA,3q13.2,AMP,3,0.62%
TFG,3q12.2,AMP,3,0.62%
PHLDA1,12q15,AMP,3,0.62%
MKI67,10q26.2,AMP,3,0.62%
DUSP4,8p12-p11,AMP,3,0.62%
LDHA,11p15.4,AMP,3,0.62%
NUP98,11p15.5,AMP,3,0.62%
SPECC1,17p11.2,DEL,3,0.62%
GID4,17p11.2,DEL,3,0.62%
FLCN,17p11.2,DEL,3,0.62%
GAS7,17p13.1,DEL,3,0.62%
AURKB,17p13.1,DEL,3,0.62%
PER1,17p13.1,DEL,3,0.62%
ALOX12B,17p13.1,DEL,3,0.62%
GPS2,17p13,DEL,3,0.62%
RABEP1,17p13.2,DEL,3,0.62%
YES1,18p11.31-p11.21,DEL,3,0.62%
TYMS,18p11.32,DEL,3,0.62%
NAV3,12q21.2,AMP,3,0.62%
POGLUT1,3q13.33,AMP,3,0.62%
MAP3K14,17q21,AMP,3,0.62%
HSP90AA1,14q32.33,AMP,3,0.62%
HIF1A,14q23.2,AMP,3,0.62%
MEF2B,19p13.11,DEL,2,0.41%
KIF5B,10p11.22,AMP,2,0.41%
FANCA,16q24.3,AMP,2,0.41%
RPL13,16q24.3|17p11.2,AMP,2,0.41%
ANKRD11,16q24.3,AMP,2,0.41%
CBFA2T3,16q24,AMP,2,0.41%
PTPRO,12p13.3-p13.2|12p13-p12,AMP,2,0.41%
PARK2,6q25.2-q27,AMP,2,0.41%
HMGN2P46,15q21.1,AMP,2,0.41%
NCOR2,12q24,DEL,2,0.41%
SPRED1,15q14,DEL,2,0.41%
NUTM1,15q14,DEL,2,0.41%
POU2AF1,11q23.1,AMP,2,0.41%
DDX10,11q22-q23,AMP,2,0.41%
CASC5,15q14,DEL,2,0.41%
KNSTRN,15q15.1,DEL,2,0.41%
BUB1B,15q15,DEL,2,0.41%
NUMA1,11q13,DEL,2,0.41%
DOCK2,5q35.1,DEL,2,0.41%
EBF1,5q34,DEL,2,0.41%
ITK,5q31-q32,DEL,2,0.41%
ZNF300,5q33.1,DEL,2,0.41%
INHA,2q35,DEL,2,0.41%
FEV,2q36,DEL,2,0.41%
AAMP,2q35,DEL,2,0.41%
BARD1,2q35,DEL,2,0.41%
IKZF2,2q34,DEL,2,0.41%
ERBB4,2q33.3-q34,DEL,2,0.41%
CPS1,2q35,DEL,2,0.41%
IDH1,2q33.3,DEL,2,0.41%
HMGA1,6p21,AMP,2,0.41%
PTPRD,9p23-p24.3,AMP,2,0.41%
JAK2,9p24,AMP,2,0.41%
MAP3K7,6q15,AMP,2,0.41%
PNRC1,6q15,AMP,2,0.41%
IKZF1,7p12.2,AMP,2,0.41%
IGFBP7,4q12,AMP,2,0.41%
PAX8,2q13,AMP,2,0.41%
TTL,2q13,AMP,2,0.41%
BCL2L11,2q13,AMP,2,0.41%
AFF3,2q11.2-q12,AMP,2,0.41%
CRKL,22q11.21,AMP,2,0.41%
MSI1,12q24,AMP,2,0.41%
RAB35,12q24.31,AMP,2,0.41%
CDKN1B,12p13.1-p12,AMP,2,0.41%
RET,10q11.2,AMP,2,0.41%
RASGEF1A,10q11.21,AMP,2,0.41%
CNTRL,9q33.2,AMP,2,0.41%
AKAP9,7q21-q22,AMP,2,0.41%
HGF,7q21.1,AMP,2,0.41%
NFKB1,4q24,AMP,2,0.41%
EPHB1,3q21-q23,AMP,2,0.41%
POLQ,3q13.33,AMP,2,0.41%
CASP8,2q33-q34,AMP,2,0.41%
CXCR4,2q21,AMP,2,0.41%
PCBP1,2p13-p12,AMP,2,0.41%
FBXW7,4q31.3,AMP,2,0.41%
PBRM1,3p21,DEL,2,0.41%
CAMTA1,1p36.31-p36.23,DEL,2,0.41%
PIK3R1,5q13.1,DEL,2,0.41%
EPHA3,3p11.2,AMP,2,0.41%
PDCD1,2q37.3,DEL,2,0.41%
D2HGDH,2q37.3,DEL,2,0.41%
SNED1,2q37.3,DEL,2,0.41%
HDAC4,2q37.3,DEL,2,0.41%
ACKR3,2q37.3,DEL,2,0.41%
SETBP1,18q21.1,AMP,2,0.41%
PIK3C3,18q12.3,AMP,2,0.41%
SOS1,2p21,AMP,2,0.41%
DIS3,13q22.1,DEL,2,0.41%
RRAS2,11p15.2,AMP,2,0.41%
TET2,4q24,AMP,2,0.41%
GATA2,3q21.3,AMP,2,0.41%
SF3B1,2q33.1,AMP,2,0.41%
USP6,17p13,AMP,2,0.41%
TGFBR1,9q22,DEL,2,0.41%
TEK,9p21,DEL,2,0.41%
FGFR1OP,6q27,AMP,2,0.41%
TRIOBP,22q13.1,AMP,2,0.41%
MYH9,22q13.1,AMP,2,0.41%
BBC3,19q13.3-q13.4,AMP,2,0.41%
MIB1,18q11.2,AMP,2,0.41%
ESCO1,18q11.2,AMP,2,0.41%
PLCG2,16q24.1,AMP,2,0.41%
MAF,16q22-q23,AMP,2,0.41%
WWOX,16q23,AMP,2,0.41%
ZFHX3,16q22.3,AMP,2,0.41%
ACVR1B,12q13,AMP,2,0.41%
ATF1,12q13,AMP,2,0.41%
KMT2D,12q13.12,AMP,2,0.41%
HDAC7,12q13.1,AMP,2,0.41%
TLL2,10q24.1,AMP,2,0.41%
NUTM2A,10q23.2,AMP,2,0.41%
SFPQ,1p34.3,AMP,2,0.41%
MTOR,1p36.2,AMP,2,0.41%
ERRFI1,1p36,AMP,2,0.41%
PRDM16,1p36.23-p33,AMP,2,0.41%
CD36,7q11.2,AMP,2,0.41%
TNKS,8p23.1,AMP,2,0.41%
EPS15,1p32,AMP,2,0.41%
FAF1,1p33,AMP,2,0.41%
PIK3R3,1p34.1,AMP,2,0.41%
MUTYH,1p34.1,AMP,2,0.41%
TNFRSF11A,18q22.1,AMP,2,0.41%
FAM175A,4q21.23,AMP,2,0.41%
GTSE1,22q13.2-q13.3,DEL,2,0.41%
PDS5B,13q12.3,DEL,2,0.41%
HOXB13,17q21.2,DEL,2,0.41%
BRCA1,17q21,DEL,2,0.41%
EZH1,17q21.1-q21.3,DEL,2,0.41%
RARA,17q21,DEL,2,0.41%
MLLT6,17q21,DEL,2,0.41%
TAF15,17q11.1-q11.2,DEL,2,0.41%
SUZ12,17q11.2,DEL,2,0.41%
FHIT,3p14.2,DEL,2,0.41%
DNAH12,3p14.3,DEL,2,0.41%
BAP1,3p21.1,DEL,2,0.41%
CTNNB1,3p21,DEL,2,0.41%
FKBP1A,20p13,AMP,2,0.41%
FBXO11,2p16.3,AMP,2,0.41%
MSH6,2p16,AMP,2,0.41%
MSH2,2p21,AMP,2,0.41%
EPCAM,2p21,AMP,2,0.41%
KCNJ5,11q24,DEL,2,0.41%
FLI1,11q24.1-q24.3,DEL,2,0.41%
ETS1,11q23.3,DEL,2,0.41%
CHEK1,11q24.2,DEL,2,0.41%
RAD51,15q15.1,AMP,2,0.41%
CASC5,15q14,AMP,2,0.41%
ARID2,12q12,AMP,2,0.41%
TSHR,14q31,DEL,2,0.41%
GNAQ,9q21,DEL,2,0.41%
PSIP1,9p22.3,DEL,2,0.41%
PRKDC,8q11,DEL,2,0.41%
DAXX,6p21.3,AMP,2,0.41%
CDC42,1p36.1,AMP,2,0.41%
MAP3K7,6q15,DEL,2,0.41%
PNRC1,6q15,DEL,2,0.41%
TCL6,14q32.1,DEL,2,0.41%
FOXA2,20p11,AMP,2,0.41%
OTX2,14q22.3,AMP,2,0.41%
PRDM2,1p36.21,AMP,2,0.41%
JUN,1p32-p31,DEL,2,0.41%
CUL4A,13q34,DEL,2,0.41%
TSC1,9q34,AMP,2,0.41%
DKK4,8p11.2-p11.1,DEL,2,0.41%
IKBKB,8p11.2,DEL,2,0.41%
KAT6A,8p11,DEL,2,0.41%
FGFR1,8p11.23-p11.22,DEL,2,0.41%
WHSC1L1,8p11.2,DEL,2,0.41%
ASH2L,8p11.2,DEL,2,0.41%
EIF4EBP1,8p12,DEL,2,0.41%
ZNF703,8p11.23,DEL,2,0.41%
ADGRA2,8p11.23,DEL,2,0.41%
SLC34A2,4p15.2,DEL,2,0.41%
ERBB3,12q13,AMP,2,0.41%
KDM4C,9p24.1,DEL,2,0.41%
PDCD1LG2,9p24.2,DEL,2,0.41%
CD274,9p24,DEL,2,0.41%
JAK2,9p24,DEL,2,0.41%
U2AF1,21q22.3,AMP,2,0.41%
BCL2L2,14q11.2-q12,AMP,2,0.41%
SDHD,11q23,DEL,2,0.41%
POU2AF1,11q23.1,DEL,2,0.41%
DDX10,11q22-q23,DEL,2,0.41%
ATM,11q22-q23,DEL,2,0.41%
NUP98,11p15.5,DEL,2,0.41%
CARS,11p15.5,DEL,2,0.41%
IGF2,11p15.5,DEL,2,0.41%
HRAS,11p15.5,DEL,2,0.41%
MALAT1,11q13.1,AMP,2,0.41%
MEN1,11q13,AMP,2,0.41%
RPS6KA4,11q11-q13,AMP,2,0.41%
FNBP1,9q34,AMP,2,0.41%
SET,9q34,AMP,2,0.41%
TLR4,9q33.1,AMP,2,0.41%
NCOA2,8q13.3,DEL,2,0.41%
BCL10,1p22,DEL,2,0.41%
EPHB6,7q33-q35,AMP,2,0.41%
RANBP17,5q34,AMP,2,0.41%
DOCK2,5q35.1,AMP,2,0.41%
CYLD,16q12.1,AMP,2,0.41%
RUNX1,21q22.3,AMP,2,0.41%
OLIG2,21q22.11,AMP,2,0.41%
BACH1,21q22.11,AMP,2,0.41%
EZH2,7q35-q36,AMP,2,0.41%
BRAF,7q34,AMP,2,0.41%
WHSC1,4p16.3,AMP,2,0.41%
FGFR3,4p16.3,AMP,2,0.41%
CRIPAK,4p16.3,AMP,2,0.41%
KTN1,14q22.1,AMP,2,0.41%
PAK7,20p12,DEL,2,0.41%
INHBA,7p15-p13,AMP,2,0.41%
CDK8,13q12,AMP,2,0.41%
HRAS,11p15.5,AMP,2,0.41%
SYK,9q22,AMP,2,0.41%
GLI3,7p13,AMP,2,0.41%
DUX4L1,4q35,AMP,2,0.41%
TRIM33,1p13.1,AMP,2,0.41%
NRAS,1p13.2,AMP,2,0.41%
CSDE1,1p22,AMP,2,0.41%
PTPN22,1p13.2,AMP,2,0.41%
USP6,17p13,DEL,2,0.41%
RPA1,17p13.3,DEL,2,0.41%
YWHAE,17p13.3,DEL,2,0.41%
IRF4,6p25.3,DEL,2,0.41%
PLK2,5q12.1-q13.2,AMP,2,0.41%
ETV4,17q21.31,AMP,2,0.41%
TRIM7,5q35.3,AMP,2,0.41%
FLT4,5q35.3,AMP,2,0.41%
SNAP25,20p12-p11.2,AMP,2,0.41%
CBLB,3q13.11,AMP,2,0.41%
NCOA4,10q11.2,AMP,2,0.41%
BCL11B,14q32.2,AMP,2,0.41%
CRKL,22q11.21,DEL,1,0.21%
SMARCA4,19p13.2,DEL,1,0.21%
RAD52,12p13-p12.2,DEL,1,0.21%
WNK1,12p13.3,DEL,1,0.21%
MAP3K4,6q26,AMP,1,0.21%
EZR,6q25.3,AMP,1,0.21%
ARID1B,6q25.1,AMP,1,0.21%
CREBBP,16p13.3,DEL,1,0.21%
CTNNA1,5q31.2,DEL,1,0.21%
B2M,15q21.1,AMP,1,0.21%
POLE,12q24.3,DEL,1,0.21%
FZD10,12q24.33,DEL,1,0.21%
EIF2B1,12q24.31,DEL,1,0.21%
KMT5A,12q24.31,DEL,1,0.21%
RHEB,7q36,DEL,1,0.21%
EZH2,7q35-q36,DEL,1,0.21%
EPHB6,7q33-q35,DEL,1,0.21%
BRAF,7q34,DEL,1,0.21%
KIAA1549,7q34,DEL,1,0.21%
TRIM24,7q32-q34,DEL,1,0.21%
CREB3L2,7q34,DEL,1,0.21%
LRP1B,2q21.2,DEL,1,0.21%
CXCR4,2q21,DEL,1,0.21%
SDHD,11q23,AMP,1,0.21%
MGA,15q14,DEL,1,0.21%
RAD51,15q15.1,DEL,1,0.21%
INPPL1,11q13,DEL,1,0.21%
TRIM7,5q35.3,DEL,1,0.21%
FLT4,5q35.3,DEL,1,0.21%
NSD1,5q35,DEL,1,0.21%
FGFR4,5q35.2,DEL,1,0.21%
NPM1,5q35.1,DEL,1,0.21%
TLX3,5q35.1,DEL,1,0.21%
RANBP17,5q34,DEL,1,0.21%
FBXW7,4q31.3,DEL,1,0.21%
IRS1,2q36,DEL,1,0.21%
CREB1,2q34,DEL,1,0.21%
FANCE,6p21.31,AMP,1,0.21%
ACVR1B,12q13,DEL,1,0.21%
TBX3,12q24.21,DEL,1,0.21%
KDR,4q11-q12,AMP,1,0.21%
KIT,4q12,AMP,1,0.21%
ERCC3,2q21,AMP,1,0.21%
KDM2B,12q24.31,AMP,1,0.21%
HNF1A,12q24.2,AMP,1,0.21%
PCM1,8p22-p21.3,AMP,1,0.21%
PDGFRA,4q12,AMP,1,0.21%
CHIC2,4q11,AMP,1,0.21%
FIP1L1,4q12,AMP,1,0.21%
STAG1,3q22.3,AMP,1,0.21%
PDK1,2q31.1,AMP,1,0.21%
ACVR1,2q23-q24,AMP,1,0.21%
NR4A2,2q22-q23,AMP,1,0.21%
ACVR2A,2q22.3,AMP,1,0.21%
RBM15,1p13,AMP,1,0.21%
CARD11,7p22,AMP,1,0.21%
GNA12,7p22.2,AMP,1,0.21%
SLC34A2,4p15.2,AMP,1,0.21%
KAT6B,10q22.2,DEL,1,0.21%
RPS14,5q31-q33,DEL,1,0.21%
PDGFRB,5q33.1,DEL,1,0.21%
CD74,5q32,DEL,1,0.21%
CSF1R,5q32,DEL,1,0.21%
FGF10,5p13-p12,DEL,1,0.21%
RICTOR,5p13.1,DEL,1,0.21%
LIFR,5p13-p12,DEL,1,0.21%
SKP2,5p13,DEL,1,0.21%
IL7R,5p13,DEL,1,0.21%
RPL11,1p36.1-p35,AMP,1,0.21%
MDS2,1p36,AMP,1,0.21%
ID3,1p36.13-p36.12,AMP,1,0.21%
FANCF,11p15,DEL,1,0.21%
ERRFI1,1p36,DEL,1,0.21%
RPL22,1p36.31,DEL,1,0.21%
PRDM16,1p36.23-p33,DEL,1,0.21%
TNFRSF14,1p36.32,DEL,1,0.21%
MYH9,22q13.1,DEL,1,0.21%
TMPRSS2,21q22.3,DEL,1,0.21%
HIST1H2BO,6p22.1,AMP,1,0.21%
HIST1H2AM,6p22.1,AMP,1,0.21%
HIST1H3J,6p22.1,AMP,1,0.21%
HIST1H3I,6p22.1,AMP,1,0.21%
HIST1H2AL,6p22.1,AMP,1,0.21%
HIST1H3H,6p22.1,AMP,1,0.21%
SLX4,16p13.3,DEL,1,0.21%
FGF7,15q21.2,DEL,1,0.21%
HMGN2P46,15q21.1,DEL,1,0.21%
DKK1,10q11.2,AMP,1,0.21%
ZNF91,19p12,DEL,1,0.21%
BABAM1,19p13.11,DEL,1,0.21%
RYBP,3p13,AMP,1,0.21%
CTLA4,2q33,AMP,1,0.21%
RABEP1,17p13.2,AMP,1,0.21%
MLLT4,6q27,AMP,1,0.21%
SPRED1,15q14,AMP,1,0.21%
SMARCD1,12q13-q14,AMP,1,0.21%
ARHGEF12,11q23.3,AMP,1,0.21%
NT5C2,10q24.32,AMP,1,0.21%
FAS,10q24.1,AMP,1,0.21%
PTEN,10q23.3,AMP,1,0.21%
PARP3,3p21.2,AMP,1,0.21%
INHA,2q35,AMP,1,0.21%
FEV,2q36,AMP,1,0.21%
BARD1,2q35,AMP,1,0.21%
ERBB4,2q33.3-q34,AMP,1,0.21%
CPS1,2q35,AMP,1,0.21%
EML4,2p21,AMP,1,0.21%
MAP3K6,1p36.11,AMP,1,0.21%
ARID1A,1p35.3,AMP,1,0.21%
FKBP1A,20p13,DEL,1,0.21%
TRRAP,7q21.2-q22.1,AMP,1,0.21%
ABCB1,7q21.12,AMP,1,0.21%
GRM3,7q21.1-q21.2,AMP,1,0.21%
PCLO,7q21.11,AMP,1,0.21%
MEF2C,5q14.3,DEL,1,0.21%
RASA1,5q13.3,DEL,1,0.21%
MSH3,5q14.1,DEL,1,0.21%
NEGR1,1p31.1,AMP,1,0.21%
CDKN2C,1p32,AMP,1,0.21%
TAL1,1p32,AMP,1,0.21%
ARID2,12q12,DEL,1,0.21%
EIF4E,4q23,AMP,1,0.21%
RAP1GDS1,4q23-q25,AMP,1,0.21%
COL1A1,17q21.33,DEL,1,0.21%
SPOP,17q21.33,DEL,1,0.21%
IKZF3,17q21,DEL,1,0.21%
ERBB2,17q12,DEL,1,0.21%
CDK12,17q12,DEL,1,0.21%
LASP1,17q11-q21.3,DEL,1,0.21%
PARP3,3p21.2,DEL,1,0.21%
MST1R,3p21.3,DEL,1,0.21%
MST1,3p21,DEL,1,0.21%
RHOA,3p21.3,DEL,1,0.21%
NCKIPSD,3p21,DEL,1,0.21%
SETD2,3p21.31,DEL,1,0.21%
MYD88,3p22,DEL,1,0.21%
MLH1,3p21.3,DEL,1,0.21%
CAD,2p22-p21,AMP,1,0.21%
CENPA,2p23.3,AMP,1,0.21%
C2ORF44,2p23.3,AMP,1,0.21%
ARHGEF12,11q23.3,DEL,1,0.21%
CBL,11q23.3,DEL,1,0.21%
ABCG4,11q23.3,DEL,1,0.21%
CRBN,3p26.2,DEL,1,0.21%
PDCD1,2q37.3,AMP,1,0.21%
D2HGDH,2q37.3,AMP,1,0.21%
PAK1,11q13-q14,DEL,1,0.21%
KNSTRN,15q15.1,AMP,1,0.21%
BUB1B,15q15,AMP,1,0.21%
NUTM1,15q14,AMP,1,0.21%
RPL15,3p24.2,AMP,1,0.21%
RAD51B,14q23-q24.2,DEL,1,0.21%
GPHN,14q23.3,DEL,1,0.21%
MAX,14q23,DEL,1,0.21%
HIF1A,14q23.2,DEL,1,0.21%
TLR4,9q33.1,DEL,1,0.21%
NR4A3,9q22,DEL,1,0.21%
XPA,9q22.3,DEL,1,0.21%
PTCH1,9q22.3,DEL,1,0.21%
FANCC,9q22.3,DEL,1,0.21%
OMD,9q22.31,DEL,1,0.21%
ROR2,9q22,DEL,1,0.21%
SYK,9q22,DEL,1,0.21%
NTRK2,9q22.1,DEL,1,0.21%
EGFR,7p12,DEL,1,0.21%
IKZF1,7p12.2,DEL,1,0.21%
CARD11,7p22,DEL,1,0.21%
GNA12,7p22.2,DEL,1,0.21%
LFNG,7p22.2,DEL,1,0.21%
EPHA8,1p36.12,AMP,1,0.21%
SHOC2,10q25,DEL,1,0.21%
SMC3,10q25,DEL,1,0.21%
PDCD11,10q24.33,DEL,1,0.21%
NT5C2,10q24.32,DEL,1,0.21%
CYP17A1,10q24.3,DEL,1,0.21%
SUFU,10q24.32,DEL,1,0.21%
NFKB2,10q24,DEL,1,0.21%
TLX1,10q24,DEL,1,0.21%
CHUK,10q24-q25,DEL,1,0.21%
AK9,6q21,DEL,1,0.21%
EPHA7,6q16.1,DEL,1,0.21%
SYNE1,6q25,DEL,1,0.21%
ESR1,6q25.1,DEL,1,0.21%
LATS1,6q25.1,DEL,1,0.21%
EPHA5,4q13.1,AMP,1,0.21%
EP300,22q13.2,AMP,1,0.21%
MKL1,22q13,AMP,1,0.21%
CHUK,10q24-q25,AMP,1,0.21%
LATS2,13q12.11,AMP,1,0.21%
IRS2,13q34,DEL,1,0.21%
ERCC5,13q33,DEL,1,0.21%
FGF14,13q34,DEL,1,0.21%
MIR17HG,13q31.3,DEL,1,0.21%
HOOK3,8p11.21,DEL,1,0.21%
DKK2,4q25,DEL,1,0.21%
RPS26,12q13,AMP,1,0.21%
ARFRP1,20q13.3,DEL,1,0.21%
RTEL1,20q13.3,DEL,1,0.21%
SS18L1,20q13.3,DEL,1,0.21%
NFIB,9p24.1,DEL,1,0.21%
PTPRD,9p23-p24.3,DEL,1,0.21%
HEY1,8q21,DEL,1,0.21%
GNAS,20q13.3,DEL,1,0.21%
ZBTB16,11q23.1,DEL,1,0.21%
DKK3,11p15.2,DEL,1,0.21%
NUP214,9q34.1,DEL,1,0.21%
ABL1,9q34.1,DEL,1,0.21%
FNBP1,9q34,DEL,1,0.21%
NFE2L2,2q31,AMP,1,0.21%
ICOSLG,21q22.3,AMP,1,0.21%
CDC42EP2,11q13,AMP,1,0.21%
TRAF2,9q34,AMP,1,0.21%
NOTCH1,9q34.3,AMP,1,0.21%
EGFL7,9q34.3,AMP,1,0.21%
RXRA,9q34.3,AMP,1,0.21%
BRD3,9q34,AMP,1,0.21%
NUP214,9q34.1,AMP,1,0.21%
ABL1,9q34.1,AMP,1,0.21%
KLF4,9q31,AMP,1,0.21%
TAL2,9q32,AMP,1,0.21%
CTCF,16q21-q22.3,AMP,1,0.21%
CBFB,16q22.1,AMP,1,0.21%
CDH11,16q21,AMP,1,0.21%
PARP2,14q11.2,AMP,1,0.21%
CCNB1IP1,14q11.2,AMP,1,0.21%
TCEB1,8q21.11,DEL,1,0.21%
PRDM14,8q13.3,DEL,1,0.21%
PREX2,8q13.2,DEL,1,0.21%
TOX,8q12.1,DEL,1,0.21%
CHCHD7,8q12.1,DEL,1,0.21%
PLAG1,8q12,DEL,1,0.21%
LYN,8q13,DEL,1,0.21%
SOX17,8q11.23,DEL,1,0.21%
TCEA1,8q11.2,DEL,1,0.21%
WISP3,6q21,DEL,1,0.21%
FYN,6q21,DEL,1,0.21%
TET2,4q24,DEL,1,0.21%
EIF4E,4q23,DEL,1,0.21%
TMSB4XP8,4q22.1,DEL,1,0.21%
AFF1,4q21,DEL,1,0.21%
FAM175A,4q21.23,DEL,1,0.21%
PHOX2B,4p12,DEL,1,0.21%
MLF1,3q25.1,DEL,1,0.21%
CCNL1,3q25.31,DEL,1,0.21%
TIPARP,3q25.31,DEL,1,0.21%
GMPS,3q24,DEL,1,0.21%
AADACL2,3q25.1,DEL,1,0.21%
ATR,3q23,DEL,1,0.21%
FOXL2,3q23,DEL,1,0.21%
PIK3CB,3q22.3,DEL,1,0.21%
STAG1,3q22.3,DEL,1,0.21%
FAM46C,1p12,DEL,1,0.21%
VTCN1,1p13.1,DEL,1,0.21%
CD58,1p13,DEL,1,0.21%
TRIM33,1p13.1,DEL,1,0.21%
NRAS,1p13.2,DEL,1,0.21%
CSDE1,1p22,DEL,1,0.21%
PTPN22,1p13.2,DEL,1,0.21%
RBM15,1p13,DEL,1,0.21%
PDGFB,22q13.1,AMP,1,0.21%
RAC2,22q13.1,AMP,1,0.21%
BIRC2,11q22,DEL,1,0.21%
BIRC3,11q22,DEL,1,0.21%
YAP1,11q13,DEL,1,0.21%
PGR,11q22-q23,DEL,1,0.21%
MAML2,11q21,DEL,1,0.21%
SESN3,11q21,DEL,1,0.21%
MRE11A,11q21,DEL,1,0.21%
FAT3,11q14.3,DEL,1,0.21%
EED,11q14.2-q22.3,DEL,1,0.21%
PICALM,11q14,DEL,1,0.21%
ARID1A,1p35.3,DEL,1,0.21%
KCNJ5,11q24,AMP,1,0.21%
FLI1,11q24.1-q24.3,AMP,1,0.21%
ETS1,11q23.3,AMP,1,0.21%
BCL7A,12q24.13,DEL,1,0.21%
RAB35,12q24.31,DEL,1,0.21%
ASCL4,12q23.3,DEL,1,0.21%
HOXC11,12q13.3,AMP,1,0.21%
HOXC13,12q13.3,AMP,1,0.21%
TRIM27,6p22,DEL,1,0.21%
HERPUD1,16q13,AMP,1,0.21%
NUP93,16q13,AMP,1,0.21%
XRCC2,7q36.1,AMP,1,0.21%
KMT2C,7q36.1,AMP,1,0.21%
RHEB,7q36,AMP,1,0.21%
SNAP25,20p12-p11.2,DEL,1,0.21%
RUNX1,21q22.3,DEL,1,0.21%
LMO1,11p15,AMP,1,0.21%
CARS,11p15.5,AMP,1,0.21%
IGF2,11p15.5,AMP,1,0.21%
RELN,7q22,AMP,1,0.21%
INPP5D,2q37.1,DEL,1,0.21%
PDK1,2q31.1,DEL,1,0.21%
FOXO1,13q14.1,AMP,1,0.21%
ESCO2,8p21.1,AMP,1,0.21%
TPRX1,19q13.33,AMP,1,0.21%
ARHGAP35,19q13.3,AMP,1,0.21%
INPP5D,2q37.1,AMP,1,0.21%
SDHB,1p36.1-p35,AMP,1,0.21%
FOXO3,6q21,DEL,1,0.21%
ICK,6p12.1,DEL,1,0.21%
AARS2,6p21.1,DEL,1,0.21%
HSP90AB1,6p12,DEL,1,0.21%
VEGFA,6p12,DEL,1,0.21%
CCND3,6p21,DEL,1,0.21%
TFEB,6p21,DEL,1,0.21%
SOX9,17q24.3,DEL,1,0.21%
TNFRSF11A,18q22.1,DEL,1,0.21%
PMAIP1,18q21.32,DEL,1,0.21%
RECQL,12p12,DEL,1,0.21%
PIK3C2G,12p12,DEL,1,0.21%
CHD1,5q15-q21,DEL,1,0.21%
PMAIP1,18q21.32,AMP,1,0.21%
MALT1,18q21,AMP,1,0.21%
XRCC3,14q32.3,DEL,1,0.21%
AKT1,14q32.32,DEL,1,0.21%
AHNAK2,14q32.33,DEL,1,0.21%
TRAF3,14q32.32,DEL,1,0.21%
HSP90AA1,14q32.33,DEL,1,0.21%
BCL11B,14q32.2,DEL,1,0.21%
TCL1A,14q32.1,DEL,1,0.21%
TRIP11,14q31-q32,DEL,1,0.21%
GOLGA5,14q32.12,DEL,1,0.21%
DICER1,14q32.13,DEL,1,0.21%
PRKAA2,1p31,DEL,1,0.21%
EPS15,1p32,DEL,1,0.21%
CDKN2C,1p32,DEL,1,0.21%
FAF1,1p33,DEL,1,0.21%
TAL1,1p32,DEL,1,0.21%
GSK3B,3q13.3,AMP,1,0.21%
CHD1,5q15-q21,AMP,1,0.21%
NCOR1,17p11.2,AMP,1,0.21%
RHOA,3p21.3,AMP,1,0.21%
STK19,6p21.3,AMP,1,0.21%
NOTCH4,6p21.3,AMP,1,0.21%
MAX,14q23,AMP,1,0.21%
TGFBR1,9q22,AMP,1,0.21%
ELP2,18q12.2,DEL,1,0.21%
TAF1L,9p21.1,DEL,1,0.21%
TET3,2p13.1,AMP,1,0.21%
CNRIP1,2p14,AMP,1,0.21%
TCF7L2,10q25.3,DEL,1,0.21%
ZMYM2,13q11-q12,AMP,1,0.21%
TAF1L,9p21.1,AMP,1,0.21%
TEK,9p21,AMP,1,0.21%
PRDM2,1p36.21,DEL,1,0.21%
SBDS,7q11.21,AMP,1,0.21%
TP53BP1,15q15-q21,AMP,1,0.21%
ASCL4,12q23.3,AMP,1,0.21%
UHRF1BP1L,12q23.1,AMP,1,0.21%
ATP10A,15q11.2,AMP,1,0.21%
PIK3CG,7q22.3,AMP,1,0.21%
NACA,12q23-q24.1,AMP,1,0.21%
PTCH1,9q22.3,AMP,1,0.21%
FANCC,9q22.3,AMP,1,0.21%
OMD,9q22.31,AMP,1,0.21%
ROR2,9q22,AMP,1,0.21%
NTRK2,9q22.1,AMP,1,0.21%
FLCN,17p11.2,AMP,1,0.21%
IL6ST,5q11.2,AMP,1,0.21%
PCSK7,11q23-q24,DEL,1,0.21%
VTI1A,10q25.2,AMP,1,0.21%
TCL1A,14q32.1,AMP,1,0.21%
TCL6,14q32.1,AMP,1,0.21%
TRIP11,14q31-q32,AMP,1,0.21%
GOLGA5,14q32.12,AMP,1,0.21%
DICER1,14q32.13,AMP,1,0.21%
TSHR,14q31,AMP,1,0.21%
APCDD1,18p11.22,DEL,1,0.21%
ANKRD12,18p11.22,DEL,1,0.21%
EBF1,5q34,AMP,1,0.21%
ITK,5q31-q32,AMP,1,0.21%
ZNF300,5q33.1,AMP,1,0.21%
RPS14,5q31-q33,AMP,1,0.21%
PDGFRB,5q33.1,AMP,1,0.21%
CD74,5q32,AMP,1,0.21%
CSF1R,5q32,AMP,1,0.21%
NR3C1,5q31.3,AMP,1,0.21%
ARHGAP26,5q31,AMP,1,0.21%
ZMYM2,13q11-q12,DEL,1,0.21%
BACH1,21q22.11,DEL,1,0.21%
TET1,10q21,AMP,1,0.21%
TRIM24,7q32-q34,AMP,1,0.21%
GID4,17p11.2,AMP,1,0.21%
